<?xml version="1.0" encoding="UTF-8"?>
<project-private xmlns="http://www.netbeans.org/ns/project-private/1">
    <editor-bookmarks xmlns="http://www.netbeans.org/ns/editor-bookmarks/2" lastBookmarkId="2">
        <file>
            <url>vistas/scripts/pago_extras.js</url>
            <bookmark id="1">
                <name/>
                <line>145</line>
                <key/>
            </bookmark>
        </file>
        <file>
            <url>vistas/scripts/pago_inscripcion.js</url>
            <bookmark id="2">
                <name/>
                <line>0</line>
                <key/>
            </bookmark>
        </file>
    </editor-bookmarks>
    <open-files xmlns="http://www.netbeans.org/ns/projectui-open-files/2">
        <group>
            <file>file:/C:/xampp/htdocs/Clemorelia-v2/ajax/usuario.php</file>
        </group>
    </open-files>
</project-private>
